feature1;feature2;feature3;feature4
0.10012;12.56;5.2678;8.987989
0.1124;12.34535;7.853858;9.452525
